cycle,peak_idx,trough_idx,peak_time,trough_time,peak_amp,trough_amp,rise_time (10-90%),fall_time (10-90%)
1,20,62,4.809619238476953,14.909819639278556,0.9066651664179354,-0.7418577475049614,,5.771543086172344
2,103,145,24.769539078156313,34.86973947895792,0.6077363910189202,-0.49746386861414693,,5.771543086172343
3,186,228,44.72945891783567,54.82965931863727,0.40729992871698767,-0.3335289035890335,,6.012024048096194
4,269,311,64.68937875751503,74.78957915831663,0.27292547057210476,-0.22358175103907285,,6.012024048096194
5,353,394,84.88977955911824,94.74949899799599,0.18297692669597762,-0.14985459718631172,,6.012024048096194
